timestamp,domain,geo,geo_iso,prompt,model,response,urls_mentioned,cited_urls,tokens_in,tokens_out,cost_usd,latency_s,error
2026-06-02T17:38:01,domain: cafam.com.co,Colombia,CO,¿cómo saber en que caja de compensación estoy?,GPT-4o,"Para saber en qué caja de compensación estás afiliado en Colombia, puedes seguir estos pasos:

1. **Consultar directamente con tu empleador**: Ellos deben tener registrada la información sobre la caja de compensación a la que estás afiliado.

2. **Revisar tus desprendibles de nómina**: Muchas veces se especifica en los comprobantes de pago a qué caja de compensación estás afiliado.

3. **Plataformas en línea**: Algunas cajas de compensación tienen plataformas donde puedes consultar tu afiliación. Por ejemplo:
   - **Compensar**: [compensar.com](https://www.compensar.com)
   - **Cafam**: [cafam.com.co](https://www.cafam.com.co)
   - **Colsubsidio**: [colsubsidio.com](https://www.colsubsidio.com)

4. **Superintendencia del Subsidio Familiar**: Puedes contactar a esta entidad para más orientación sobre tu afiliación.

5. **Llamar o visitar oficinas de las cajas de compensación en tu ciudad**: Puedes preguntar directamente en las oficinas de las principales cajas de compensación.

Usa estos métodos para verificar tu afiliación y obtener cualquier información adicional que puedas necesitar.",https://www.compensar.com | https://www.cafam.com.co | https://www.colsubsidio.com,,365,262,0.003533,4.98,
2026-06-02T17:38:01,domain: cafam.com.co,Colombia,CO,¿cómo saber en que caja de compensación estoy?,o4-mini,"A continuación encontrarás una lista de las principales cajas de compensación familiar en Colombia, con sus sitios web oficiales, y luego una breve explicación de cómo verificar en cuál estás afiliado.

1. Cajas de Compensación (marcas y sitios web)  
   • Compensar – https://www.compensar.com  
   • Cafam – https://www.cafam.com.co  
   • Colsubsidio – https://www.colsubsidio.com  
   • Comfama – https://www.comfama.com  
   • Comfenalco Valle – https://www.comfenalcovalle.com.co  
   • Comfenalco Antioquia – https://www.comfenalcoantioquia.com  
   • Comfandi – https://www.comfandi.com.co  
   • Comfamiliar Huila – https://www.comfamiliarhuila.com.co  
   • Comfaoriente (Santander) – https://www.comfaoriente.org.co  
   • Comfacundi (Cundinamarca) – https://www.comfacundi.com.co  

2. Cómo saber en qué caja de compensación estás afiliado  
   a. Revisa tu nómina o certificación de ingresos  
      – Tu empleador debe descontarte la contribución a la caja de compensación y registrar el nombre de la caja en tu comprobante de pago o en el certificado de ingresos y retenciones.  
   b. Consulta directamente con la caja por cédula  
      – Casi todas las cajas ofrecen en su web un “consulta de afiliado” donde ingresas tu número de cédula. Por ejemplo:  
        • Compensar: sección “Consulta de afiliación” (Menú Afiliados > Consulta de afiliación).  
        • Cafam: Menú “Servicios en línea” > “Consulta afiliación”.  
        • Colsubsidio: “Consultas en línea” > “Afiliados”.  
   c. Llama o visita la sede más cercana  
      – Si no encuentras la opción en línea, comunícate al call center de la caja o acércate a su oficina regional. Lleva tu cédula para que te verifiquen en el sistema.  
   d. Pregunta en Recursos Humanos de tu empresa  
      – El área de nómina o de talento humano de tu organización tiene el registro de la caja que reporta tus aportes. Ellos podrán confirmarte rápidamente.  

Con estos pasos podrás identificar con certeza la caja de compensación a la que estás afiliado y así acceder a sus beneficios de subsidios, créditos y programas sociales.",https://www.compensar.com | https://www.cafam.com.co | https://www.colsubsidio.com | https://www.comfama.com | https://www.comfenalcovalle.com.co | https://www.comfenalcoantioquia.com | https://www.comfandi.com.co | https://www.comfamiliarhuila.com.co | https://www.comfaoriente.org.co | https://www.comfacundi.com.co,,1468,860,0.005399,8.04,
2026-06-02T17:38:01,domain: cafam.com.co,Colombia,CO,¿cómo saber en que caja de compensación estoy?,Claude Sonnet 4.6,"Aquí te explico **todas las formas oficiales** para saber en qué caja de compensación estás afiliado en Colombia:

---

## 🏛️ Portales y plataformas oficiales

### 1. **RUAF – Registro Único de Afiliados (SISPRO)**
🔗 https://www.sispro.gov.co/central-prestadores-de-servicios/Pages/RUAF-Registro-Unico-de-Afiliados.aspx

El RUAF es un sistema de información que contiene todos los datos relacionados con las afiliaciones emitidas por las entidades administradoras del Sistema de Protección Social.

**Pasos para consultarlo:**

1. Ingresa al portal y selecciona la pestaña **""Consulta ciudadano""**, luego el reporte **""Afiliaciones de la persona en el sistema""**.
2. Acepta los términos y condiciones.
3. Ingresa el tipo de documento, número, fecha de expedición y el código de seguridad.
4. Haz clic en **""Consultar""**.
5. El sistema te mostrará la caja de compensación a la que estás afiliado, así como EPS, ARL y fondo de pensiones.


---

### 2. **SuperSubsidio**
🔗 https://www.ssf.gov.co/consulta-cedula-jasper

Puedes consultar en línea el historial de afiliación a las Cajas de Compensación Familiar ingresando tu documento en el módulo oficial de la SuperSubsidio.

---

### 3. **Mi Seguridad Social**
🔗 https://miseguridadsocial.gov.co/Home/Cajas

Este portal también permite consultar el historial de afiliaciones a cajas de compensación.

---

## 📄 Otros métodos para verificar tu afiliación


- **Revisa tu contrato de trabajo:** busca en el apartado de prestaciones sociales o beneficios laborales la mención de la caja de compensación asignada.
- **Consulta tu recibo de nómina:** en tu comprobante de pago debe aparecer el descuento por caja de compensación con el nombre de la entidad.


- **A través de tu empleador:** Solicita al área de Recursos Humanos el comprobante de afiliación. Todas las empresas están obligadas a entregarte esta información.

- **De forma presencial:** Puedes acercarte a una sede física de la caja de compensación con tu documento de identidad y solicitar la consulta de tu afiliación. El personal verificará tus datos y te proporcionará la información necesaria.

---

## 🏢 Principales cajas de compensación en Colombia

Las principales cajas (**Colsubsidio**, **Compensar**, **Comfama**, **Cafam**) ofrecen consultas en línea con tu número de documento.

| Caja | Sitio web |
|------|-----------|
| **Colsubsidio** | https://www.colsubsidio.com |
| **Compensar** | https://corporativo.compensar.com |
| **Comfama** | https://www.comfama.com |
| **Cafam** | https://www.cafam.com.co |

---

## ⚠️ ¿Por qué no apareces registrado?

Puede ser porque tu empleador no ha realizado la afiliación o el pago del aporte, porque tu contrato es por prestación de servicios (no genera obligación de afiliación), o porque eres independiente y nunca te has inscrito.

En cualquiera de estos casos, puedes afiliarte de forma voluntaria pagando el aporte correspondiente (4% de tus ingresos declarados).",https://www.sispro.gov.co/central-prestadores-de-servicios/Pages/RUAF-Registro-Unico-de-Afiliados.aspx | https://www.ssf.gov.co/consulta-cedula-jasper | https://miseguridadsocial.gov.co/Home/Cajas | https://www.colsubsidio.com | https://corporativo.compensar.com | https://www.comfama.com | https://www.cafam.com.co,https://www.eltiempo.com/economia/finanzas-personales/asi-puede-saber-a-que-caja-de-compensacion-se-encuentra-afiliado-unicamente-con-el-numero-de-cedula-estos-son-los-beneficios-3501870 | https://www.eltiempo.com/economia/finanzas-personales/asi-puede-saber-a-que-caja-de-compensacion-se-encuentra-afiliado-unicamente-con-el-numero-de-cedula-estos-son-los-beneficios-3501870 | https://www.ssf.gov.co/consulta-cedula-jasper | https://miseguridadsocial.gov.co/Home/Cajas | https://www.colsubsidio.com/blog-y-noticias/como-saber-caja-compensacion-estoy-afiliado | https://www.magneto365.com/co/blog/saber-mi-caja-de-compensacion | https://www.lapatria.com/tenga-en-cuenta/como-saber-que-caja-de-compensacion-estoy-afiliado | https://www.magneto365.com/co/blog/saber-mi-caja-de-compensacion | https://www.magneto365.com/co/blog/saber-mi-caja-de-compensacion | https://www.magneto365.com/co/blog/saber-mi-caja-de-compensacion,11612,1221,0.063151,22.46,
2026-06-02T17:38:01,domain: cafam.com.co,Colombia,CO,¿cómo saber en que caja de compensación estoy?,Gemini 3.1 Pro,"Aquí tienes las principales plataformas, entidades y marcas en Colombia que debes consultar para saber a qué Caja de Compensación Familiar estás afiliado, junto con algunas de las cajas más representativas del mercado:

**Plataformas y Entidades de Consulta (Sitios Web):**
1. **RUAF - SISPRO (Registro Único de Afiliados)** - https://ruaf.sispro.gov.co
2. **Mi Seguridad Social** - https://miseguridadsocial.gov.co
3. **SuperSubsidio (Superintendencia del Subsidio Familiar)** - https://www.ssf.gov.co

**Principales Cajas de Compensación en Colombia (Marcas/Empresas):**
4. **Compensar** - https://corporativo.compensar.com
5. **Comfama** - https://www.comfama.com
6. **Cafam** - https://www.cafam.com.co
7. **Comfenalco (Antioquia/Valle, etc.)** - https://www.comfenalcoantioquia.com.co

---

**Explicación de cada plataforma y cómo consultar tu estado:**

*   **RUAF - SISPRO:** Esta es la principal herramienta gubernamental en Colombia para investigaciones de mercado y consultas personales sobre seguridad social. A través de su portal web, puedes ingresar tu tipo y número de documento de identidad (cédula). El sistema te generará un reporte completo que te indicará a qué Caja de Compensación, EPS y fondo de pensiones estás afiliado actualmente.
*   **Mi Seguridad Social:** Es el portal transaccional del Ministerio de Salud y Protección Social. Al registrarte y crear un usuario en este sitio web, puedes consultar tu historial de aportes, tu estado activo o inactivo, y la Caja de Compensación Familiar que tu empleador ha reportado.
*   **SuperSubsidio:** Es la entidad gubernamental encargada de vigilar a las Cajas de Compensación. Aunque la consulta directa suele hacerse por el RUAF, su sitio web ofrece un directorio completo de todas las cajas del país y canales de atención si presentas problemas con tu afiliación.

**Sobre las marcas de Cajas de Compensación (si ya tienes sospechas de dónde estás afiliado):**

*   **Compensar:** Una de las cajas más grandes del país, con fuerte presencia en Bogotá y Cundinamarca. Si crees estar allí, puedes ingresar a su portal transaccional con tu cédula para verificar si tienes una cuenta activa.
*   **Comfama:** La caja de compensación líder en Antioquia. Destaca por sus amplios servicios de recreación y créditos. Tienen un portal en línea muy robusto para validar la afiliación de trabajadores de la región.
*   **Cafam:** Otra gigante con sede principal en Bogotá, muy reconocida por su red de farmacias, clínicas y centros vacacionales (como Melgar).
*   **Comfenalco:** Opera bajo capítulos regionales (por ejemplo, Comfenalco Antioquia, Comfenalco Valle). Son actores clave en el mercado de subsidios familiares en sus respectivos departamentos.

**¿Cómo realizar la investigación paso a paso?**
Te sugiero ingresar primero al sitio web de **RUAF - SISPRO**, aceptar los términos y condiciones, e ingresar tu número de cédula y fecha de expedición. El sistema arrojará inmediatamente el nombre exacto de la empresa o marca de la Caja de Compensación a la que perteneces.",https://ruaf.sispro.gov.co | https://miseguridadsocial.gov.co | https://www.ssf.gov.co | https://corporativo.compensar.com | https://www.comfama.com | https://www.cafam.com.co | https://www.comfenalcoantioquia.com.co,,59,1246,0.015070,16.96,
2026-06-02T17:38:01,domain: cafam.com.co,Colombia,CO,¿cómo saber en que caja de compensación estoy?,Sonar Reasoning Pro,"En Colombia puedes saber en qué **caja de compensación familiar** estás afiliado consultando tus afiliaciones en los portales oficiales del Estado (RUAF, SuperSubsidio o Mi Seguridad Social/Ministerio de Trabajo) y/o revisando tu contrato, desprendible de nómina y la información que te da tu empleador.[1][2][6][7]  

---

## 1. Consulta oficial en línea (lo más completo)

### a) RUAF – Registro Único de Afiliados (SISPRO)

El **RUAF** del Ministerio de Salud y Protección Social muestra todas tus afiliaciones al sistema de protección social, incluida la **caja de compensación familiar**.[2][6]  

Pasos (consulta ciudadano RUAF):[2][6]  
- Entra al **portal",,https://www.magneto365.com/co/blog/saber-mi-caja-de-compensacion | https://www.lapatria.com/tenga-en-cuenta/como-saber-que-caja-de-compensacion-estoy-afiliado | https://www.cafam.com.co/noticias/como-saber-si-estoy-afiliado-a-una-caja-de-compensacion | https://www.suseso.gob.cl/606/w3-article-644808.html | https://consultatucaja.cajasdechile.cl | https://www.sispro.gov.co/central-prestadores-de-servicios/Pages/RUAF-Registro-Unico-de-Afiliados.aspx | https://www.ssf.gov.co/consulta-cedula-jasper | https://www.biobiochile.cl/noticias/servicios/beneficios/2026/02/19/solo-con-tu-rut-como-saber-en-que-caja-de-compensacion-estas-afiliado-y-asi-acceder-a-sus-beneficios.shtml,72,187,0.007640,21.09,
